                  epoch,         train/box_loss,         train/seg_loss,         train/cls_loss,         train/dfl_loss,   metrics/precision(B),      metrics/recall(B),       metrics/mAP50(B),    metrics/mAP50-95(B),   metrics/precision(M),      metrics/recall(M),       metrics/mAP50(M),    metrics/mAP50-95(M),           val/box_loss,           val/seg_loss,           val/cls_loss,           val/dfl_loss,                 lr/pg0,                 lr/pg1,                 lr/pg2
                      1,                 1.8174,                 3.4941,                 3.3198,                 2.2068,                      0,                      0,                      0,                      0,                      0,                      0,                      0,                      0,                 1.0642,                 1.7144,                 2.8172,                   1.75,             0.00036674,             0.00036674,             0.00036674
                      2,                0.98563,                 1.4174,                  2.009,                 1.4171,                      0,                      0,                      0,                      0,                      0,                      0,                      0,                      0,                 1.3977,                 1.6622,                 2.1732,                 1.9564,              0.0007501,              0.0007501,              0.0007501
                      3,                 1.0084,                 1.1728,                 1.7515,                 1.4218,                      0,                      0,                      0,                      0,                      0,                      0,                      0,                      0,                 1.4597,                 1.3317,                 1.9906,                 1.9512,              0.0011333,              0.0011333,              0.0011333
                      4,                0.97967,                 1.0996,                 1.7856,                 1.4625,                0.83333,                   0.75,                 0.8725,                  0.586,                0.83333,                   0.75,                 0.8725,                0.59417,                 1.0706,                 1.1891,                 1.8471,                 1.6521,              0.0015161,              0.0015161,              0.0015161
                      5,                0.97083,                  1.076,                  1.667,                 1.3749,                0.62752,                   0.75,                0.65875,                0.37162,                0.62752,                   0.75,                0.65875,                0.40275,                  1.498,                 1.1836,                 3.0292,                 2.3619,              0.0016654,              0.0016654,              0.0016654
                      6,                0.97553,                 1.0002,                 1.5612,                 1.4217,                0.94474,                0.81759,                  0.995,                0.48712,                0.94474,                0.81759,                  0.995,                0.48712,                  1.431,                0.97551,                 2.0286,                 2.1609,              0.0016654,              0.0016654,              0.0016654
                      7,                 1.1234,                0.99175,                 1.5557,                 1.4995,                  0.826,                      1,                0.91167,                0.39702,                  0.826,                      1,                0.91167,                0.36908,                 1.8471,                 1.1548,                 1.6999,                  2.669,              0.0016645,              0.0016645,              0.0016645
                      8,                 1.0583,                0.99362,                 1.5041,                 1.4285,                      1,                   0.75,                 0.8725,                0.74162,                      1,                   0.75,                 0.8725,                 0.7105,                 1.1632,                0.98631,                  1.228,                 1.7213,              0.0016633,              0.0016633,              0.0016633
                      9,                 1.0394,                0.99322,                 1.4092,                 1.3788,                    0.5,                    0.5,                 0.4975,                0.37325,                    0.5,                    0.5,                 0.4975,                0.37325,                  1.412,                0.96329,                 1.2528,                  2.264,               0.001662,               0.001662,               0.001662
                     10,                0.95065,                0.95526,                 1.3027,                 1.3329,                      1,                      1,                  0.995,                0.77762,                      1,                      1,                  0.995,                  0.759,                 1.0326,                 1.2383,                0.99089,                 1.9695,              0.0016605,              0.0016605,              0.0016605
                     11,                 0.8552,                0.87789,                 1.2007,                 1.2554,                      1,                      1,                  0.995,                0.75275,                      1,                      1,                  0.995,                 0.7155,                  1.271,                  1.031,                 1.1309,                 2.1732,              0.0016588,              0.0016588,              0.0016588
                     12,                0.80022,                0.93614,                 1.1707,                 1.2548,                      1,                      1,                  0.995,                0.72775,                      1,                      1,                  0.995,                0.65925,                  1.105,                 1.3625,                 1.0032,                 2.4378,              0.0016568,              0.0016568,              0.0016568
                     13,                0.88873,                0.92109,                 1.1778,                 1.2512,                0.97766,                      1,                  0.995,                0.71754,                0.97766,                      1,                  0.995,                0.70312,                 0.9511,                 1.0484,                 1.2288,                 1.9826,              0.0016547,              0.0016547,              0.0016547
                     14,                0.85263,                0.81086,                 1.1531,                 1.2603,                0.97441,                      1,                  0.995,                0.63138,                0.97441,                      1,                  0.995,                 0.6595,                  1.165,                 1.0298,                 1.1159,                 1.9449,              0.0016524,              0.0016524,              0.0016524
                     15,                0.75736,                0.85428,                 1.1172,                 1.1739,                      1,                0.93886,                  0.995,                0.65338,                      1,                0.93886,                  0.995,                0.60044,                 1.1876,                 1.4516,                 1.0269,                 1.9018,              0.0016499,              0.0016499,              0.0016499
                     16,                0.79737,                0.91731,                 1.0503,                 1.1445,                      1,                      1,                  0.995,                 0.6785,                      1,                      1,                  0.995,                0.69075,                 1.1742,                0.91969,                0.86332,                 1.8074,              0.0016471,              0.0016471,              0.0016471
                     17,                0.74352,                0.80974,                0.97539,                 1.1696,                      1,                      1,                  0.995,                0.67813,                      1,                      1,                  0.995,                  0.647,                 1.0886,                0.76604,                0.87681,                 1.8547,              0.0016442,              0.0016442,              0.0016442
                     18,                0.72185,                0.85475,                0.93182,                 1.1786,                      1,                      1,                  0.995,                 0.7155,                      1,                      1,                  0.995,                 0.6345,                 1.3147,                0.71387,                0.81534,                 1.8318,              0.0016411,              0.0016411,              0.0016411
                     19,                0.75113,                0.80983,                0.95119,                  1.147,                    0.5,                    0.5,                 0.4975,                0.38575,                    0.5,                    0.5,                 0.4975,                0.38575,                 1.2316,                0.81542,                  1.065,                 1.8391,              0.0016378,              0.0016378,              0.0016378
                     20,                 0.8528,                0.95411,                 1.0155,                 1.2155,                      1,                   0.75,                 0.8725,                0.72325,                      1,                   0.75,                 0.8725,                 0.7045,                 1.1354,                0.82902,                0.85243,                 1.7684,              0.0016342,              0.0016342,              0.0016342
                     21,                0.76847,                0.79476,                0.95117,                 1.1985,                      1,                   0.75,                 0.8725,                  0.742,                      1,                   0.75,                 0.8725,                  0.742,                 1.0755,                0.67115,                0.88418,                 1.6392,              0.0016305,              0.0016305,              0.0016305
                     22,                0.76506,                 0.8011,                0.92223,                 1.1597,                      1,                   0.75,                 0.8725,                 0.7105,                      1,                   0.75,                 0.8725,                0.72937,                 1.2082,                0.68598,                0.87631,                 1.5895,              0.0016266,              0.0016266,              0.0016266
                     23,                0.81058,                0.80656,                0.96686,                 1.1916,                      1,                0.96503,                  0.995,                  0.821,                      1,                0.96503,                  0.995,                 0.8375,                 1.0757,                0.68305,                0.82367,                 1.5127,              0.0016225,              0.0016225,              0.0016225
                     24,                0.71108,                0.84838,                0.83886,                 1.0935,                      1,                      1,                  0.995,                0.82725,                      1,                      1,                  0.995,                0.85825,                0.85616,                0.76678,                 0.7479,                 1.1539,              0.0016182,              0.0016182,              0.0016182
                     25,                0.69739,                0.69155,                0.81523,                 1.1011,                      1,                      1,                  0.995,                0.87687,                      1,                      1,                  0.995,                0.87687,                0.76082,                0.84606,                0.78533,                   1.15,              0.0016137,              0.0016137,              0.0016137
                     26,                0.64836,                0.71809,                0.76796,                 1.0723,                      1,                      1,                  0.995,                 0.8085,                      1,                      1,                  0.995,                  0.821,                0.94154,                0.84975,                0.72204,                 1.4936,              0.0016091,              0.0016091,              0.0016091
                     27,                0.69211,                0.72896,                0.87336,                 1.1269,                      1,                   0.75,                 0.8725,                  0.673,                      1,                   0.75,                 0.8725,                  0.673,                 1.0037,                0.78928,                0.87413,                 1.6139,              0.0016042,              0.0016042,              0.0016042
                     28,                0.61618,                0.68203,                0.74291,                 1.0794,                      1,                      1,                  0.995,                  0.616,                      1,                      1,                  0.995,                0.62837,                 1.2265,                0.74824,                 1.0218,                 1.5308,              0.0015991,              0.0015991,              0.0015991
                     29,                0.69414,                0.72569,                0.78107,                 1.1051,                      1,                      1,                  0.995,                0.75275,                      1,                      1,                  0.995,                0.75275,                0.85875,                0.80097,                0.82291,                 1.1255,              0.0015939,              0.0015939,              0.0015939
                     30,                0.69755,                0.79819,                0.75881,                 1.1335,                0.83333,                      1,                  0.995,                0.83138,                0.83333,                      1,                  0.995,                0.82925,                0.68152,                 0.8207,                0.79622,                 1.0315,              0.0015885,              0.0015885,              0.0015885
                     31,                0.65823,                0.72284,                0.72314,                 1.0462,                0.90918,                      1,                  0.995,                0.85612,                0.90918,                      1,                  0.995,                0.85612,                 0.8857,                0.60653,                0.69261,                 1.1361,              0.0015829,              0.0015829,              0.0015829
                     32,                0.66943,                0.69393,                0.70219,                  1.071,                0.94994,                      1,                  0.995,                0.81062,                0.94994,                      1,                  0.995,                0.84375,                0.77927,                0.53693,                0.70697,                 1.0859,              0.0015771,              0.0015771,              0.0015771
                     33,                0.66252,                0.84584,                0.71419,                 1.1013,                      1,                      1,                  0.995,                0.87687,                      1,                      1,                  0.995,                0.87687,                0.72903,                0.71631,                0.67685,                 1.1317,              0.0015711,              0.0015711,              0.0015711
                     34,                0.61946,                0.68175,                0.70598,                  1.066,                0.97275,                      1,                  0.995,                0.84575,                0.97275,                      1,                  0.995,                0.88113,                0.69862,                0.65505,                0.69411,                 1.0916,              0.0015649,              0.0015649,              0.0015649
                     35,                0.60998,                0.67791,                0.66495,                 1.0098,                      1,                      1,                  0.995,                0.87687,                      1,                      1,                  0.995,                0.83963,                0.87694,                0.66989,                0.72552,                 1.2486,              0.0015586,              0.0015586,              0.0015586
                     36,                0.60956,                0.73061,                 0.6794,                 1.0426,                      1,                      1,                  0.995,                0.87687,                      1,                      1,                  0.995,                 0.8955,                0.64969,                0.65258,                0.67101,                  1.006,              0.0015521,              0.0015521,              0.0015521
                     37,                0.59813,                0.63675,                0.68261,                 1.0385,                      1,                      1,                  0.995,                  0.821,                      1,                      1,                  0.995,                0.83963,                 0.6911,                0.59827,                0.67971,                0.97616,              0.0015454,              0.0015454,              0.0015454
                     38,                0.62744,                0.67756,                0.65161,                 1.0645,                      1,                      1,                  0.995,                0.75288,                      1,                      1,                  0.995,                0.76525,                0.90688,                0.59504,                0.77438,                 1.2325,              0.0015385,              0.0015385,              0.0015385
                     39,                0.59628,                0.70354,                0.62944,                 1.0569,                      1,                      1,                  0.995,                0.69663,                      1,                      1,                  0.995,                0.74638,                0.76557,                0.57471,                0.84921,                 1.1064,              0.0015315,              0.0015315,              0.0015315
                     40,                0.66004,                0.67763,                0.62746,                 1.0662,                      1,                      1,                  0.995,                0.71538,                      1,                      1,                  0.995,                0.74638,                0.62503,                  0.612,                0.79281,                 1.0028,              0.0015243,              0.0015243,              0.0015243
                     41,                0.62606,                 0.6744,                0.61682,                 1.0424,                      1,                      1,                  0.995,                 0.8085,                      1,                      1,                  0.995,                0.82712,                0.77678,                0.60871,                0.69357,                   1.11,              0.0015169,              0.0015169,              0.0015169
                     42,                0.62595,                0.74308,                0.64772,                 1.0821,                      1,                      1,                  0.995,                0.85225,                      1,                      1,                  0.995,                0.87688,                0.63914,                 0.6723,                 0.5474,                0.98345,              0.0015094,              0.0015094,              0.0015094
                     43,                0.60587,                0.62751,                0.58329,                 1.0188,                      1,                      1,                  0.995,                0.88325,                      1,                      1,                  0.995,                 0.8645,                0.63937,                  0.641,                0.54217,                 1.0055,              0.0015017,              0.0015017,              0.0015017
                     44,                0.62385,                0.65186,                 0.5887,                 1.0249,                      1,                      1,                  0.995,                 0.8645,                      1,                      1,                  0.995,                0.87687,                0.68431,                0.61937,                0.59137,                 1.0252,              0.0014938,              0.0014938,              0.0014938
                     45,                0.64257,                0.64626,                0.60467,                 1.0188,                      1,                      1,                  0.995,                0.92663,                      1,                      1,                  0.995,                0.92663,                0.54186,                0.57664,                0.56756,                 1.0052,              0.0014858,              0.0014858,              0.0014858
                     46,                0.62667,                0.63321,                0.57326,                 1.0195,                      1,                0.98236,                  0.995,                0.84354,                      1,                0.98236,                  0.995,                0.87254,                 0.7795,                0.58482,                0.60187,                 1.1305,              0.0014776,              0.0014776,              0.0014776
                     47,                 0.6162,                0.64004,                0.58102,                 1.0344,                      1,                      1,                  0.995,                0.86462,                      1,                      1,                  0.995,                0.87688,                0.81295,                0.57095,                0.52863,                 1.0851,              0.0014693,              0.0014693,              0.0014693
                     48,                 0.6065,                0.63039,                0.55044,                 1.0465,                0.95456,                      1,                  0.995,                 0.8935,                0.95456,                      1,                  0.995,                0.92663,                0.62712,                0.54041,                0.59066,                0.95829,              0.0014608,              0.0014608,              0.0014608
                     49,                0.58096,                0.67345,                0.55557,                 1.0377,                0.92117,                      1,                  0.995,                 0.8935,                0.92117,                      1,                  0.995,                0.87475,                0.60332,                0.67097,                0.65446,                0.97266,              0.0014522,              0.0014522,              0.0014522
                     50,                0.54727,                  0.615,                0.54222,                0.97962,                0.91993,                      1,                  0.995,                0.86633,                0.91993,                      1,                  0.995,                0.83733,                0.59011,                0.65882,                0.60941,                0.99861,              0.0014434,              0.0014434,              0.0014434
                     51,                0.55161,                0.60875,                0.52361,                0.98273,                0.95827,                      1,                  0.995,                0.91212,                0.95827,                      1,                  0.995,                0.91212,                0.59006,                0.66385,                0.58485,                0.98192,              0.0014344,              0.0014344,              0.0014344
                     52,                0.62846,                0.59534,                0.56362,                 1.0453,                      1,                      1,                  0.995,                 0.8085,                      1,                      1,                  0.995,                0.82725,                0.81592,                0.67076,                 0.6975,                  1.093,              0.0014253,              0.0014253,              0.0014253
                     53,                0.59865,                0.60981,                 0.5434,                   1.06,                      1,                      1,                  0.995,                0.80237,                      1,                      1,                  0.995,                  0.821,                0.76554,                0.64102,                 0.7273,                 1.0669,              0.0014161,              0.0014161,              0.0014161
                     54,                0.55452,                0.63154,                0.52876,                 1.0007,                      1,                      1,                  0.995,                0.88937,                      1,                      1,                  0.995,                0.92663,                0.80645,                0.56871,                0.63431,                 1.0567,              0.0014067,              0.0014067,              0.0014067
                     55,                0.59157,                0.57784,                0.54135,                 1.0135,                      1,                      1,                  0.995,                  0.908,                      1,                      1,                  0.995,                0.89563,                0.78889,                0.58059,                0.74508,                 1.0474,              0.0013972,              0.0013972,              0.0013972
                     56,                0.55896,                0.60665,                0.51667,                 1.0192,                      1,                      1,                  0.995,                 0.7715,                      1,                      1,                  0.995,                0.80263,                0.90469,                0.60883,                0.56348,                 1.1586,              0.0013875,              0.0013875,              0.0013875
                     57,                0.53452,                0.61917,                0.49188,                0.99827,                      1,                      1,                  0.995,                0.78387,                      1,                      1,                  0.995,                0.75275,                 0.9268,                0.65007,                0.55415,                 1.2467,              0.0013777,              0.0013777,              0.0013777
                     58,                0.54992,                0.58656,                0.50821,                 1.0126,                0.94326,                      1,                  0.995,                0.88113,                0.94326,                      1,                  0.995,                0.88113,                0.52324,                0.61328,                0.48868,                0.96079,              0.0013678,              0.0013678,              0.0013678
                     59,                0.53783,                0.56732,                0.48702,                0.99662,                0.84383,                      1,                  0.995,                 0.8955,                0.84383,                      1,                  0.995,                0.91212,                0.53026,                0.57867,                0.50398,                0.95452,              0.0013578,              0.0013578,              0.0013578
                     60,                0.51775,                0.59477,                0.46947,                0.95721,                      1,                      1,                  0.995,                0.92662,                      1,                      1,                  0.995,                0.92662,                 0.5021,                0.55013,                0.50113,                0.94913,              0.0013476,              0.0013476,              0.0013476
                     61,                0.49188,                0.59392,                0.47111,                0.97561,                      1,                      1,                  0.995,                 0.8955,                      1,                      1,                  0.995,                 0.8955,                0.58055,                0.56998,                0.42603,                 1.0371,              0.0013373,              0.0013373,              0.0013373
                     62,                0.53365,                0.57166,                0.45699,                0.98764,                      1,                      1,                  0.995,                0.85825,                      1,                      1,                  0.995,                0.85825,                0.69913,                0.58153,                0.43853,                 1.0687,              0.0013269,              0.0013269,              0.0013269
                     63,                0.54538,                0.58948,                0.45596,                0.95972,                      1,                      1,                  0.995,                0.87687,                      1,                      1,                  0.995,                0.84587,                0.68026,                0.59111,                0.51069,                 1.0667,              0.0013163,              0.0013163,              0.0013163
                     64,                0.50222,                0.74332,                0.45805,                0.98126,                      1,                      1,                  0.995,                0.87687,                      1,                      1,                  0.995,                0.84587,                0.65669,                0.60215,                0.50336,                 1.0419,              0.0013056,              0.0013056,              0.0013056
                     65,                0.55082,                0.62284,                0.46055,                 1.0236,                      1,                      1,                  0.995,                0.78987,                      1,                      1,                  0.995,                  0.821,                0.90824,                0.75202,                0.55971,                 1.3631,              0.0012949,              0.0012949,              0.0012949
                     66,                0.48831,                0.59223,                0.44103,                0.97588,                      1,                      1,                  0.995,                0.75262,                      1,                      1,                  0.995,                  0.734,                   1.11,                0.81031,                0.55238,                 1.5797,               0.001284,               0.001284,               0.001284
                     67,                0.52276,                0.62154,                0.45584,                 0.9645,                      1,                      1,                  0.995,                0.75262,                      1,                      1,                  0.995,                  0.734,                 1.1847,                0.87752,                0.55141,                 1.6195,               0.001273,               0.001273,               0.001273
                     68,                0.53744,                0.63949,                0.45368,                0.99931,                      1,                      1,                  0.995,                 0.8085,                      1,                      1,                  0.995,                 0.8085,                 0.9163,                0.65945,                0.57444,                  1.287,              0.0012619,              0.0012619,              0.0012619
                     69,                0.56856,                0.61421,                0.44186,                0.96148,                      1,                      1,                  0.995,                0.84575,                      1,                      1,                  0.995,                0.87687,                0.66793,                0.57447,                0.53946,                0.99303,              0.0012507,              0.0012507,              0.0012507
                     70,                0.57551,                 0.5796,                0.45802,                0.97156,                      1,                      1,                  0.995,                 0.8645,                      1,                      1,                  0.995,                 0.8955,                 0.6503,                0.61593,                0.49101,                0.97872,              0.0012394,              0.0012394,              0.0012394
                     71,                0.54965,                0.61066,                0.46913,                 0.9913,                      1,                      1,                  0.995,                0.84588,                      1,                      1,                  0.995,                 0.8955,                0.68134,                0.65859,                 0.4541,                 1.0045,               0.001228,               0.001228,               0.001228
                     72,                0.50227,                0.58757,                0.43521,                  1.003,                      1,                      1,                  0.995,                0.83963,                      1,                      1,                  0.995,                0.85825,                0.86989,                0.80141,                0.53518,                 1.1973,              0.0012165,              0.0012165,              0.0012165
                     73,                 0.5336,                 0.5785,                0.44533,                0.98763,                      1,                      1,                  0.995,                 0.7715,                      1,                      1,                  0.995,                0.86462,                0.76924,                0.81977,                0.48408,                 1.0747,              0.0012049,              0.0012049,              0.0012049
                     74,                0.48084,                0.53258,                 0.4232,                0.93541,                      1,                      1,                  0.995,                0.78375,                      1,                      1,                  0.995,                0.79612,                 0.6922,                0.69519,                0.53503,                 1.0799,              0.0011932,              0.0011932,              0.0011932
                     75,                0.48905,                0.55515,                0.42167,                0.94406,                      1,                      1,                  0.995,                0.81475,                      1,                      1,                  0.995,                0.85225,                0.62866,                0.57375,                0.48823,                 1.0216,              0.0011814,              0.0011814,              0.0011814
                     76,                0.46739,                0.58189,                 0.4042,                0.97132,                      1,                      1,                  0.995,                 0.8645,                      1,                      1,                  0.995,                 0.8335,                0.62198,                0.53024,                0.41124,                 1.0294,              0.0011695,              0.0011695,              0.0011695
                     77,                 0.4844,                0.58701,                 0.4307,                0.95843,                      1,                      1,                  0.995,                0.87687,                      1,                      1,                  0.995,                0.84587,                0.69963,                0.55545,                0.40651,                 1.0705,              0.0011576,              0.0011576,              0.0011576
                     78,                0.47774,                 0.5609,                0.41977,                0.93733,                      1,                      1,                  0.995,                0.87687,                      1,                      1,                  0.995,                0.87687,                0.66055,                0.54997,                0.40442,                 1.0466,              0.0011456,              0.0011456,              0.0011456
                     79,                0.48428,                0.58035,                0.40572,                0.97226,                      1,                      1,                  0.995,                 0.8645,                      1,                      1,                  0.995,                0.89563,                0.64862,                0.50795,                0.44377,                 1.0265,              0.0011335,              0.0011335,              0.0011335
                     80,                0.48477,                0.58041,                0.38779,                0.94399,                      1,                      1,                  0.995,                 0.8335,                      1,                      1,                  0.995,                0.91425,                0.70093,                0.57302,                0.44047,                 1.0805,              0.0011213,              0.0011213,              0.0011213
                     81,                0.47558,                0.52463,                0.38732,                0.93182,                0.96664,                      1,                  0.995,                0.83137,                0.96664,                      1,                  0.995,                0.87475,                0.69061,                0.52606,                0.39911,                 1.1027,              0.0011091,              0.0011091,              0.0011091
                     82,                0.46499,                0.50964,                0.38463,                0.95432,                0.94571,                      1,                  0.995,                0.83137,                0.94571,                      1,                  0.995,                0.87475,                0.72058,                0.56634,                0.43327,                 1.1107,              0.0010968,              0.0010968,              0.0010968
                     83,                 0.4681,                0.54548,                 0.3806,                0.94041,                0.95342,                      1,                  0.995,                0.84375,                0.95342,                      1,                  0.995,                0.86237,                  0.736,                0.60432,                0.47207,                 1.1031,              0.0010845,              0.0010845,              0.0010845
                     84,                0.48852,                0.49306,                0.39398,                0.95211,                      1,                      1,                  0.995,                 0.8955,                      1,                      1,                  0.995,                0.92663,                 0.6841,                0.64069,                0.42321,                 1.0772,               0.001072,               0.001072,               0.001072
                     85,                0.46402,                0.53624,                 0.3796,                0.97593,                      1,                      1,                  0.995,                0.92663,                      1,                      1,                  0.995,                0.92663,                0.64964,                0.63211,                0.42118,                  1.019,              0.0010596,              0.0010596,              0.0010596
                     86,                0.44397,                0.51071,                0.38095,                0.93511,                      1,                      1,                  0.995,                 0.8955,                      1,                      1,                  0.995,                 0.8955,                0.53127,                0.62254,                0.39688,                 1.0013,               0.001047,               0.001047,               0.001047
                     87,                0.46081,                0.51312,                0.37578,                0.92508,                      1,                      1,                  0.995,                 0.8955,                      1,                      1,                  0.995,                0.91425,                0.56537,                 0.6485,                0.43993,                0.97649,              0.0010345,              0.0010345,              0.0010345
                     88,                0.46714,                 0.5586,                0.37334,                0.94228,                      1,                      1,                  0.995,                 0.8645,                      1,                      1,                  0.995,                 0.8335,                 0.7031,                0.68776,                0.46559,                0.97833,              0.0010218,              0.0010218,              0.0010218
                     89,                0.44978,                 0.4907,                0.36215,                0.91276,                      1,                      1,                  0.995,                 0.8955,                      1,                      1,                  0.995,                 0.8645,                0.64434,                0.60041,                0.42371,                0.95254,              0.0010092,              0.0010092,              0.0010092
                     90,                0.46041,                0.54453,                0.35535,                0.95305,                      1,                      1,                  0.995,                0.89563,                      1,                      1,                  0.995,                0.91425,                0.49549,                0.57921,                0.35475,                0.89338,             0.00099646,             0.00099646,             0.00099646
                     91,                0.44954,                0.51298,                0.37337,                0.90884,                      1,                      1,                  0.995,                 0.8645,                      1,                      1,                  0.995,                0.91425,                 0.5769,                 0.5527,                0.38023,                 0.9293,              0.0009837,              0.0009837,              0.0009837
                     92,                0.42648,                0.47732,                0.35832,                0.93939,                      1,                      1,                  0.995,                0.87688,                      1,                      1,                  0.995,                0.89563,                 0.6283,                0.54867,                0.38961,                0.94776,             0.00097092,             0.00097092,             0.00097092
                     93,                0.46887,                0.54962,                0.37912,                0.93366,                      1,                      1,                  0.995,                0.89563,                      1,                      1,                  0.995,                0.92662,                0.57754,                0.55286,                0.34778,                 0.9046,              0.0009581,              0.0009581,              0.0009581
                     94,                0.47466,                0.53935,                0.43446,                0.98727,                      1,                      1,                  0.995,                0.89563,                      1,                      1,                  0.995,                0.92662,                0.51628,                 0.5828,                0.35831,                0.89582,             0.00094526,             0.00094526,             0.00094526
                     95,                0.44729,                0.50918,                0.34853,                0.94391,                      1,                      1,                  0.995,                0.94525,                      1,                      1,                  0.995,                0.92662,                0.50879,                0.66394,                0.37195,                0.88084,             0.00093238,             0.00093238,             0.00093238
                     96,                0.46132,                0.50041,                0.35807,                0.90521,                      1,                      1,                  0.995,                0.97637,                      1,                      1,                  0.995,                0.92662,                0.47894,                0.67561,                0.38748,                0.85766,             0.00091949,             0.00091949,             0.00091949
                     97,                0.45875,                0.49903,                0.36496,                0.92568,                      1,                      1,                  0.995,                0.94525,                      1,                      1,                  0.995,                0.92662,                0.46684,                0.69407,                 0.3348,                 0.8502,             0.00090658,             0.00090658,             0.00090658
                     98,                 0.4287,                0.48098,                0.35701,                0.91211,                      1,                      1,                  0.995,                0.92662,                      1,                      1,                  0.995,                 0.8955,                0.48009,                0.67855,                0.37713,                0.86529,             0.00089365,             0.00089365,             0.00089365
                     99,                0.46162,                0.49499,                0.36279,                0.92901,                      1,                      1,                  0.995,                0.92662,                      1,                      1,                  0.995,                 0.8955,                0.51322,                0.66074,                0.37288,                0.87458,             0.00088071,             0.00088071,             0.00088071
                    100,                0.45507,                 0.4813,                0.35763,                0.92681,                      1,                      1,                  0.995,                  0.908,                      1,                      1,                  0.995,                  0.908,                0.56752,                0.63778,                0.43212,                0.88547,             0.00086775,             0.00086775,             0.00086775
                    101,                0.47653,                0.48596,                0.37323,                0.95013,                      1,                      1,                  0.995,                  0.908,                      1,                      1,                  0.995,                  0.908,                0.52849,                0.60616,                0.45518,                 0.8664,              0.0008548,              0.0008548,              0.0008548
                    102,                0.45087,                0.50057,                0.37318,                0.96724,                      1,                      1,                  0.995,                0.94525,                      1,                      1,                  0.995,                0.91425,                0.51709,                0.63744,                 0.4193,                 0.8991,             0.00084184,             0.00084184,             0.00084184
                    103,                 0.4304,                0.47164,                0.35909,                0.92008,                      1,                      1,                  0.995,                0.94525,                      1,                      1,                  0.995,                0.94525,                0.49017,                0.62999,                0.38982,                0.89504,             0.00082887,             0.00082887,             0.00082887
                    104,                 0.4409,                0.47534,                0.34943,                0.95437,                      1,                      1,                  0.995,                0.95775,                      1,                      1,                  0.995,                0.92662,                0.57806,                0.70355,                0.40434,                0.92498,             0.00081592,             0.00081592,             0.00081592
                    105,                 0.4266,                0.51809,                0.34054,                0.92182,                      1,                      1,                  0.995,                0.85225,                      1,                      1,                  0.995,                0.88325,                0.59649,                0.70324,                0.38648,                0.93224,             0.00080296,             0.00080296,             0.00080296
                    106,                0.43684,                0.48702,                0.36144,                0.94306,                      1,                      1,                  0.995,                0.91425,                      1,                      1,                  0.995,                 0.8955,                0.60318,                0.60866,                0.38316,                0.97395,             0.00079002,             0.00079002,             0.00079002
                    107,                0.44417,                0.45596,                 0.3554,                 0.9163,                      1,                      1,                  0.995,                0.91425,                      1,                      1,                  0.995,                0.91425,                0.58209,                0.57361,                0.41274,                0.99274,             0.00077709,             0.00077709,             0.00077709
                    108,                0.40218,                 0.4786,                0.34627,                0.93074,                      1,                      1,                  0.995,                0.92663,                      1,                      1,                  0.995,                0.94525,                0.60623,                 0.5688,                0.42166,                 1.0001,             0.00076418,             0.00076418,             0.00076418
                    109,                0.39915,                0.49152,                 0.3301,                0.91154,                      1,                      1,                  0.995,                0.91425,                      1,                      1,                  0.995,                 0.8955,                0.55313,                0.58422,                0.36172,                0.93314,             0.00075129,             0.00075129,             0.00075129
                    110,                0.38791,                0.44719,                0.34059,                 0.9166,                      1,                      1,                  0.995,                0.89563,                      1,                      1,                  0.995,                 0.8955,                 0.5655,                 0.6426,                0.41865,                0.93001,             0.00073841,             0.00073841,             0.00073841
                    111,                0.40908,                0.45593,                0.33175,                0.90859,                0.98154,                      1,                  0.995,                0.88725,                0.98154,                      1,                  0.995,                0.83963,                0.74502,                0.68535,                0.63628,                 1.1638,             0.00072557,             0.00072557,             0.00072557
                    112,                0.41679,                0.48309,                0.33416,                0.92092,                0.98119,                      1,                  0.995,                  0.908,                0.98119,                      1,                  0.995,                0.87488,                0.66154,                0.63555,                0.60656,                 1.1001,             0.00071275,             0.00071275,             0.00071275
                    113,                0.40658,                0.49536,                0.35827,                 0.9157,                      1,                      1,                  0.995,                0.94525,                      1,                      1,                  0.995,                0.91425,                0.55657,                 0.5499,                0.50628,                0.88968,             0.00069997,             0.00069997,             0.00069997
                    114,                0.40434,                0.47424,                0.33668,                0.90871,                      1,                      1,                  0.995,                0.92663,                      1,                      1,                  0.995,                0.91425,                0.48801,                0.54069,                0.37904,                0.86795,             0.00068721,             0.00068721,             0.00068721
                    115,                0.37765,                0.49662,                0.32936,                0.89603,                      1,                      1,                  0.995,                0.89563,                      1,                      1,                  0.995,                0.94525,                0.52925,                0.55768,                0.35423,                0.88829,              0.0006745,              0.0006745,              0.0006745
                    116,                0.42091,                0.46331,                0.33166,                0.88913,                      1,                      1,                  0.995,                0.77762,                      1,                      1,                  0.995,                0.77762,                 1.0335,                0.57098,                0.64889,                 1.2136,             0.00066183,             0.00066183,             0.00066183
                    117,                0.42476,                0.46629,                 0.3392,                0.93059,                      1,                      1,                  0.995,                0.74038,                      1,                      1,                  0.995,                0.77137,                 1.2094,                0.58102,                0.69074,                 1.4074,              0.0006492,              0.0006492,              0.0006492
                    118,                0.41762,                0.45701,                0.33507,                0.89335,                      1,                      1,                  0.995,                0.83962,                      1,                      1,                  0.995,                0.88938,                0.91391,                0.58214,                0.57858,                 1.2283,             0.00063662,             0.00063662,             0.00063662
                    119,                0.38444,                0.46852,                0.30123,                0.91813,                      1,                      1,                  0.995,                0.83962,                      1,                      1,                  0.995,                0.85212,                 0.7703,                0.59171,                0.47638,                 1.1652,              0.0006241,              0.0006241,              0.0006241
                    120,                0.39614,                0.44496,                0.31442,                0.88482,                      1,                      1,                  0.995,                0.92663,                      1,                      1,                  0.995,                0.92663,                0.52658,                0.58397,                0.42184,                0.93215,             0.00061162,             0.00061162,             0.00061162
                    121,                0.37968,                0.49296,                 0.3127,                0.90015,                      1,                      1,                  0.995,                0.92663,                      1,                      1,                  0.995,                0.94525,                0.52052,                0.56066,                0.39885,                 0.9006,              0.0005992,              0.0005992,              0.0005992
                    122,                0.40295,                0.43359,                0.32459,                0.89285,                0.97169,                      1,                  0.995,                 0.9245,                0.97169,                      1,                  0.995,                0.91425,                 0.4979,                0.56372,                0.39996,                 0.8631,             0.00058684,             0.00058684,             0.00058684
                    123,                0.36732,                 0.4594,                0.30998,                0.86853,                0.96498,                      1,                  0.995,                 0.8955,                0.96498,                      1,                  0.995,                0.94525,                0.46059,                0.53794,                0.38028,                0.84989,             0.00057455,             0.00057455,             0.00057455
                    124,                0.37704,                0.43631,                0.31083,                0.93472,                0.94693,                      1,                  0.995,                0.94325,                0.94693,                      1,                  0.995,                0.94525,                0.42977,                0.53463,                0.38094,                0.84586,             0.00056232,             0.00056232,             0.00056232
                    125,                0.36368,                0.44969,                0.30044,                0.89214,                      1,                      1,                  0.995,                0.94525,                      1,                      1,                  0.995,                0.94525,                0.44864,                0.56969,                0.38147,                0.84754,             0.00055016,             0.00055016,             0.00055016
                    126,                0.37551,                 0.4662,                0.29641,                 0.8926,                      1,                      1,                  0.995,                0.91425,                      1,                      1,                  0.995,                0.94525,                0.45863,                0.58953,                0.35479,                0.86144,             0.00053807,             0.00053807,             0.00053807
                    127,                0.36374,                0.44599,                 0.2971,                0.87464,                      1,                      1,                  0.995,                 0.8955,                      1,                      1,                  0.995,                0.94525,                0.47475,                0.59401,                0.37137,                0.86822,             0.00052606,             0.00052606,             0.00052606
                    128,                0.34605,                0.42138,                0.29572,                0.87213,                      1,                      1,                  0.995,                 0.8955,                      1,                      1,                  0.995,                0.94525,                0.43614,                0.56582,                0.35366,                0.85202,             0.00051412,             0.00051412,             0.00051412
                    129,                0.35791,                0.41003,                0.28984,                0.88095,                      1,                      1,                  0.995,                0.94525,                      1,                      1,                  0.995,                0.94525,                0.40814,                0.52852,                0.36023,                0.84361,             0.00050227,             0.00050227,             0.00050227
                    130,                0.34838,                0.41734,                 0.2911,                0.89311,                      1,                      1,                  0.995,                0.94525,                      1,                      1,                  0.995,                0.94525,                0.41029,                0.51079,                0.36135,                0.83929,              0.0004905,              0.0004905,              0.0004905
                    131,                0.37694,                0.44647,                0.28717,                0.87863,                      1,                      1,                  0.995,                0.94525,                      1,                      1,                  0.995,                0.94525,                0.40358,                0.49862,                0.38468,                0.83206,             0.00047881,             0.00047881,             0.00047881
                    132,                0.36206,                0.44166,                0.29271,                0.87985,                      1,                      1,                  0.995,                0.97637,                      1,                      1,                  0.995,                0.94525,                0.42761,                0.50199,                0.37577,                 0.8213,             0.00046722,             0.00046722,             0.00046722
                    133,                0.32652,                0.43008,                0.28233,                0.86527,                      1,                      1,                  0.995,                0.92662,                      1,                      1,                  0.995,                0.94525,                0.47088,                0.52511,                0.37411,                0.83085,             0.00045572,             0.00045572,             0.00045572
                    134,                0.37745,                0.45009,                0.29216,                0.85186,                      1,                      1,                  0.995,                  0.908,                      1,                      1,                  0.995,                0.94525,                0.54507,                0.57997,                0.36581,                 0.8567,             0.00044431,             0.00044431,             0.00044431
                    135,                0.35943,                0.42899,                0.27954,                0.88519,                      1,                      1,                  0.995,                0.87687,                      1,                      1,                  0.995,                0.94525,                0.51976,                0.58788,                0.36508,                0.85642,               0.000433,               0.000433,               0.000433
                    136,                0.34274,                0.45486,                0.27827,                0.87597,                      1,                      1,                  0.995,                 0.8955,                      1,                      1,                  0.995,                0.94525,                0.49634,                 0.5878,                0.33119,                0.85329,             0.00042179,             0.00042179,             0.00042179
                    137,                 0.3354,                0.42064,                0.27104,                0.87535,                      1,                      1,                  0.995,                0.91425,                      1,                      1,                  0.995,                0.94525,                0.49005,                0.55356,                0.32951,                0.85306,             0.00041069,             0.00041069,             0.00041069
                    138,                0.34466,                0.42541,                0.27794,                0.86991,                      1,                      1,                  0.995,                 0.8955,                      1,                      1,                  0.995,                0.91425,                0.59604,                 0.5778,                0.36172,                0.88488,             0.00039969,             0.00039969,             0.00039969
                    139,                0.34817,                0.45764,                0.27722,                0.88461,                      1,                      1,                  0.995,                 0.8955,                      1,                      1,                  0.995,                0.91425,                0.60244,                0.56769,                0.36024,                0.88352,              0.0003888,              0.0003888,              0.0003888
                    140,                0.33013,                0.41805,                0.26638,                0.87556,                      1,                      1,                  0.995,                 0.8645,                      1,                      1,                  0.995,                 0.8955,                0.60166,                0.55532,                0.34956,                 0.8781,             0.00037802,             0.00037802,             0.00037802
                    141,                0.35083,                0.41997,                0.28055,                0.86282,                      1,                      1,                  0.995,                0.92662,                      1,                      1,                  0.995,                0.94525,                0.59082,                0.54199,                0.34145,                0.87287,             0.00036736,             0.00036736,             0.00036736
                    142,                0.34326,                0.40892,                0.27976,                0.88902,                      1,                      1,                  0.995,                0.92662,                      1,                      1,                  0.995,                0.94525,                0.55627,                0.53792,                0.34247,                0.86267,             0.00035682,             0.00035682,             0.00035682
                    143,                0.32552,                0.42669,                0.26557,                0.88195,                      1,                      1,                  0.995,                0.92662,                      1,                      1,                  0.995,                0.91425,                0.52445,                0.54435,                0.34373,                 0.8554,             0.00034639,             0.00034639,             0.00034639
                    144,                0.31755,                0.42638,                0.25757,                0.85953,                      1,                      1,                  0.995,                0.92662,                      1,                      1,                  0.995,                0.91425,                0.51858,                0.53825,                0.33801,                0.85652,             0.00033609,             0.00033609,             0.00033609
                    145,                 0.3114,                0.41789,                0.25598,                0.87843,                      1,                      1,                  0.995,                0.92662,                      1,                      1,                  0.995,                0.91425,                 0.5156,                0.53174,                  0.331,                0.85348,             0.00032591,             0.00032591,             0.00032591
                    146,                0.30129,                0.40751,                0.26106,                0.87741,                      1,                      1,                  0.995,                0.92662,                      1,                      1,                  0.995,                0.91425,                 0.5254,                0.52897,                0.31575,                0.85628,             0.00031586,             0.00031586,             0.00031586
                    147,                0.33132,                0.39146,                0.26749,                0.86791,                      1,                      1,                  0.995,                0.92662,                      1,                      1,                  0.995,                0.91425,                 0.5331,                0.53199,                0.30047,                0.85954,             0.00030593,             0.00030593,             0.00030593
                    148,                0.33201,                0.41753,                0.26639,                0.86439,                      1,                      1,                  0.995,                0.89563,                      1,                      1,                  0.995,                0.91425,                0.52029,                0.52483,                0.28437,                0.85989,             0.00029614,             0.00029614,             0.00029614
                    149,                0.30971,                0.40675,                0.25177,                0.85305,                      1,                      1,                  0.995,                0.89563,                      1,                      1,                  0.995,                0.91425,                0.49619,                0.51983,                0.28006,                0.85052,             0.00028649,             0.00028649,             0.00028649
                    150,                0.31539,                0.41131,                0.25731,                 0.8517,                      1,                      1,                  0.995,                  0.908,                      1,                      1,                  0.995,                0.94525,                0.49545,                0.52703,                0.32171,                0.84897,             0.00027697,             0.00027697,             0.00027697
                    151,                0.31099,                0.40616,                0.25262,                0.86054,                      1,                      1,                  0.995,                  0.908,                      1,                      1,                  0.995,                0.94525,                0.52249,                0.52312,                0.33186,                0.86027,             0.00026759,             0.00026759,             0.00026759
                    152,                0.31688,                0.43343,                0.27755,                 0.8368,                      1,                      1,                  0.995,                  0.908,                      1,                      1,                  0.995,                0.89563,                0.57067,                0.51809,                0.34088,                0.88138,             0.00025836,             0.00025836,             0.00025836
                    153,                0.31379,                0.40863,                0.27616,                0.86707,                      1,                      1,                  0.995,                  0.908,                      1,                      1,                  0.995,                0.91425,                0.58032,                0.51455,                0.33031,                0.87981,             0.00024926,             0.00024926,             0.00024926
                    154,                0.31295,                0.38153,                0.26279,                0.88109,                      1,                      1,                  0.995,                  0.908,                      1,                      1,                  0.995,                0.94525,                0.52981,                0.50941,                0.31484,                0.85182,             0.00024032,             0.00024032,             0.00024032
                    155,                0.31046,                0.40107,                0.25823,                0.86231,                      1,                      1,                  0.995,                0.89563,                      1,                      1,                  0.995,                0.94525,                0.50305,                0.51386,                0.31525,                0.84098,             0.00023152,             0.00023152,             0.00023152
                    156,                0.30695,                0.38204,                0.24925,                0.87081,                      1,                      1,                  0.995,                0.89563,                      1,                      1,                  0.995,                0.94525,                0.48665,                0.51528,                0.31271,                 0.8366,             0.00022287,             0.00022287,             0.00022287
                    157,                0.32322,                0.43823,                 0.2618,                0.84914,                      1,                      1,                  0.995,                0.89563,                      1,                      1,                  0.995,                0.94525,                0.48023,                 0.5277,                0.31293,                0.83485,             0.00021437,             0.00021437,             0.00021437
                    158,                 0.2866,                0.38583,                0.24619,                0.84199,                      1,                      1,                  0.995,                0.89563,                      1,                      1,                  0.995,                0.91425,                 0.4932,                  0.537,                0.32638,                0.84145,             0.00020603,             0.00020603,             0.00020603
                    159,                0.28635,                0.38236,                0.25165,                0.88278,                      1,                      1,                  0.995,                0.89563,                      1,                      1,                  0.995,                0.91425,                0.49155,                0.53204,                   0.32,                0.83772,             0.00019785,             0.00019785,             0.00019785
                    160,                0.30217,                0.38002,                0.24467,                0.85328,                      1,                      1,                  0.995,                0.89563,                      1,                      1,                  0.995,                0.94525,                0.49113,                0.53048,                 0.3219,                0.83653,             0.00018983,             0.00018983,             0.00018983
                    161,                0.28841,                0.38105,                 0.2529,                0.84252,                      1,                      1,                  0.995,                  0.908,                      1,                      1,                  0.995,                0.94525,                0.48137,                0.52593,                0.31253,                0.83601,             0.00018196,             0.00018196,             0.00018196
                    162,                 0.2917,                0.39115,                0.25081,                0.84499,                      1,                      1,                  0.995,                  0.908,                      1,                      1,                  0.995,                0.94525,                0.46649,                0.52641,                0.29802,                0.83649,             0.00017426,             0.00017426,             0.00017426
                    163,                 0.2921,                0.37562,                0.24727,                0.86452,                      1,                      1,                  0.995,                0.92662,                      1,                      1,                  0.995,                0.91425,                0.45761,                0.53089,                0.29896,                0.83706,             0.00016673,             0.00016673,             0.00016673
                    164,                0.30195,                0.39254,                 0.2481,                 0.8275,                      1,                      1,                  0.995,                0.92662,                      1,                      1,                  0.995,                0.94525,                0.44867,                0.53835,                0.28644,                 0.8371,             0.00015936,             0.00015936,             0.00015936
                    165,                0.30293,                0.40049,                0.25885,                0.83585,                      1,                      1,                  0.995,                0.92662,                      1,                      1,                  0.995,                0.94525,                0.45052,                0.53879,                0.28525,                0.83512,             0.00015216,             0.00015216,             0.00015216
                    166,                0.28841,                0.37106,                 0.2364,                 0.8187,                      1,                      1,                  0.995,                0.92662,                      1,                      1,                  0.995,                0.94525,                0.47343,                0.53906,                0.28677,                0.83797,             0.00014513,             0.00014513,             0.00014513
                    167,                0.28637,                0.39967,                0.23884,                0.85176,                      1,                      1,                  0.995,                0.92662,                      1,                      1,                  0.995,                0.91425,                0.47427,                0.53894,                0.28739,                0.83821,             0.00013827,             0.00013827,             0.00013827
                    168,                0.29813,                0.40254,                0.25366,                0.85891,                      1,                      1,                  0.995,                  0.908,                      1,                      1,                  0.995,                0.91425,                0.47229,                0.55459,                0.27661,                0.83681,             0.00013158,             0.00013158,             0.00013158
                    169,                0.29468,                 0.3969,                0.23716,                0.86009,                      1,                      1,                  0.995,                0.92663,                      1,                      1,                  0.995,                0.91425,                0.46912,                0.56264,                0.28448,                0.83652,             0.00012507,             0.00012507,             0.00012507
                    170,                0.27685,                0.36859,                0.23824,                0.83282,                      1,                      1,                  0.995,                0.89563,                      1,                      1,                  0.995,                0.91425,                0.46816,                0.58427,                0.28099,                0.83585,             0.00011874,             0.00011874,             0.00011874
                    171,                 0.2794,                0.37114,                0.23925,                0.85519,                      1,                      1,                  0.995,                0.91425,                      1,                      1,                  0.995,                0.91425,                 0.4666,                0.59292,                0.28545,                 0.8348,             0.00011258,             0.00011258,             0.00011258
                    172,                0.26082,                 0.3615,                0.22883,                0.84858,                      1,                      1,                  0.995,                0.91425,                      1,                      1,                  0.995,                0.91425,                0.46726,                0.59279,                0.28564,                0.83439,             0.00010661,             0.00010661,             0.00010661
                    173,                0.28631,                0.37811,                 0.2739,                 0.8462,                      1,                      1,                  0.995,                0.91425,                      1,                      1,                  0.995,                0.91425,                0.47192,                 0.5868,                 0.2828,                0.83514,             0.00010081,             0.00010081,             0.00010081
                    174,                0.27532,                0.37182,                0.23478,                0.86387,                      1,                      1,                  0.995,                0.91425,                      1,                      1,                  0.995,                0.91425,                0.47037,                0.57934,                0.28495,                0.83353,             9.5203e-05,             9.5203e-05,             9.5203e-05
                    175,                0.27977,                0.43154,                0.25449,                0.87041,                      1,                      1,                  0.995,                0.91425,                      1,                      1,                  0.995,                0.91425,                0.46164,                0.57951,                0.27836,                0.83007,             8.9777e-05,             8.9777e-05,             8.9777e-05
                    176,                0.26496,                0.38082,                0.22898,                0.85355,                      1,                      1,                  0.995,                0.91425,                      1,                      1,                  0.995,                0.91425,                0.46131,                0.57775,                0.28201,                0.83057,             8.4536e-05,             8.4536e-05,             8.4536e-05
                    177,                0.27102,                0.38034,                0.23778,                0.84474,                      1,                      1,                  0.995,                0.91425,                      1,                      1,                  0.995,                0.91425,                0.46919,                0.56453,                0.28591,                 0.8321,             7.9482e-05,             7.9482e-05,             7.9482e-05
                    178,                0.27233,                0.40403,                0.23181,                0.83658,                      1,                      1,                  0.995,                0.91425,                      1,                      1,                  0.995,                0.91425,                0.47169,                0.56254,                 0.2846,                0.83328,             7.4616e-05,             7.4616e-05,             7.4616e-05
                    179,                0.26808,                0.40191,                0.23509,                0.84613,                      1,                      1,                  0.995,                0.91425,                      1,                      1,                  0.995,                0.91425,                0.47795,                0.55458,                0.29152,                0.83538,             6.9939e-05,             6.9939e-05,             6.9939e-05
                    180,                0.27718,                0.36833,                  0.234,                0.83813,                      1,                      1,                  0.995,                0.89563,                      1,                      1,                  0.995,                0.91425,                0.49248,                0.55678,                0.29581,                0.83836,             6.5453e-05,             6.5453e-05,             6.5453e-05
                    181,                0.27564,                0.36711,                0.23391,                0.83334,                      1,                      1,                  0.995,                0.89563,                      1,                      1,                  0.995,                0.91425,                 0.4927,                0.55184,                0.29574,                0.83785,             6.1158e-05,             6.1158e-05,             6.1158e-05
                    182,                0.26692,                0.38075,                0.23475,                0.85803,                      1,                      1,                  0.995,                0.89563,                      1,                      1,                  0.995,                0.91425,                0.49152,                0.55997,                0.30293,                0.83738,             5.7056e-05,             5.7056e-05,             5.7056e-05
